{"stats":{"minecraft:crafted":{"minecraft:crafting_table":1,"minecraft:spruce_planks":24,"minecraft:stick":4,"minecraft:stone_pickaxe":1,"minecraft:wooden_pickaxe":1},"minecraft:used":{"minecraft:dirt":4,"minecraft:sand":2,"minecraft:crafting_table":1,"minecraft:stone_pickaxe":13,"minecraft:wooden_pickaxe":3},"minecraft:custom":{"minecraft:time_since_rest":6855,"minecraft:crouch_one_cm":550,"minecraft:play_time":6855,"minecraft:sprint_one_cm":15377,"minecraft:damage_taken":20,"minecraft:walk_one_cm":5199,"minecraft:sneak_time":435,"minecraft:mob_kills":4,"minecraft:jump":152,"minecraft:leave_game":1,"minecraft:damage_dealt":320,"minecraft:walk_on_water_one_cm":110,"minecraft:time_since_death":6855,"minecraft:climb_one_cm":271,"minecraft:total_world_time":6855,"minecraft:fly_one_cm":35534,"minecraft:interact_with_crafting_table":2,"minecraft:fall_one_cm":2935},"minecraft:killed":{"minecraft:sheep":4},"minecraft:picked_up":{"minecraft:crafting_table":1,"minecraft:sand":2,"minecraft:sugar_cane":10,"minecraft:spruce_log":6,"minecraft:white_wool":4,"minecraft:mutton":6,"minecraft:dirt":4,"minecraft:cobblestone":6},"minecraft:mined":{"minecraft:sand":2,"minecraft:dirt":4,"minecraft:sugar_cane":5,"minecraft:spruce_log":6,"minecraft:stone":6,"minecraft:crafting_table":1,"minecraft:fern":1}},"DataVersion":3465}