{"stats":{"minecraft:picked_up":{"minecraft:sugar_cane":8},"minecraft:mined":{"minecraft:grass":9,"minecraft:sugar_cane":5},"minecraft:custom":{"minecraft:jump":66,"minecraft:open_chest":2,"minecraft:time_since_rest":4918,"minecraft:damage_dealt":30,"minecraft:damage_taken":10,"minecraft:leave_game":2,"minecraft:play_time":4918,"minecraft:sprint_one_cm":11358,"minecraft:walk_on_water_one_cm":927,"minecraft:time_since_death":4918,"minecraft:walk_one_cm":4031,"minecraft:total_world_time":4918,"minecraft:walk_under_water_one_cm":88,"minecraft:swim_one_cm":1415,"minecraft:fall_one_cm":2897,"minecraft:fly_one_cm":18727}},"DataVersion":3465}